uri,label,0,1,2,3,4,5,6,7,8,9,10,11,12,13,14,15,16
http://data.doremus.org/artist/4802a043-23bb-3b8d-a443-4a3bd22ccc63,Wolfgang Amadeus Mozart,-0.04942387714982033,0.012972225435078144,0.030434519052505493,0.6723809242248535,0.7057142853736877,-0.0032916883938014507,0.04039749875664711,0.03337432071566582,0.023954134434461594,-0.08523057401180267,0.1582336723804474,0.04466380551457405,0.018166353926062584,0.010425074025988579,-0.11195577681064606,0.14295919239521027,-0.030153987929224968
http://data.doremus.org/artist/aabcd2ee-ac9b-30f2-8096-e9de8b3c7a81,Franz Liszt,0.0006276638596318662,-0.008797436952590942,-0.007513287011533976,0.7247619032859802,0.7961905002593994,0.010983861982822418,0.017313098534941673,0.07212019711732864,0.025765711441636086,-0.08515222370624542,0.1564236581325531,0.04305845871567726,0.020398302003741264,0.03255513682961464,-0.04898599535226822,0.03303549066185951,-0.0010504188248887658
http://data.doremus.org/artist/12fa21ff-cfa4-31d6-87d9-a22315193b04,Joseph Haydn,-2.0,-2.0,-2.0,0.6495237946510315,0.7228571176528931,-0.0014216460986062884,0.035583071410655975,0.029519684612751007,0.02396547794342041,-0.08529201149940491,0.15839993953704834,0.042191825807094574,0.008899040520191193,0.007677352987229824,-0.09143475443124771,0.14753837883472443,0.0004027684044558555
http://data.doremus.org/artist/f9a2ac39-a62d-3be2-8abb-e564de0ec96d,Johannes Brahms,-0.010494900867342949,-0.003959733992815018,0.0009195586899295449,0.7457143068313599,0.8066666722297668,0.0033213640563189983,0.019723644480109215,0.059037286788225174,0.0241695586591959,-0.08540894836187363,0.15825745463371277,0.04479721561074257,0.028942501172423363,0.022952508181333542,-0.06310052424669266,0.11170677840709686,-0.02584988623857498
http://data.doremus.org/artist/f753314d-87a7-32a9-9218-da98ae4f9812,Robert Schumann,0.0006276638596318662,-0.008797436952590942,-0.007513287011533976,0.723809540271759,0.7676190733909607,0.0033860139083117247,0.02183552086353302,0.05933227390050888,0.02393476292490959,-0.08491379022598267,0.15810400247573853,0.04524235427379608,0.03056044690310955,0.023502133786678314,-0.12996146082878113,0.11081994324922562,-0.06906888633966446
http://data.doremus.org/artist/b34f92ab-ad86-361b-a8b8-5c3a4db784d0,Antonio Vivaldi,-2.0,-2.0,-2.0,0.5980952382087708,0.6580952405929565,0.0018406434683129191,0.05669480189681053,0.028917890042066574,0.02369844913482666,-0.08436888456344604,0.15778687596321106,0.04081955924630165,0.009961199946701527,-0.005155346356332302,-0.11260541528463364,0.15705126523971558,-0.04000697657465935
http://data.doremus.org/artist/668c2943-1b38-3f55-9fb7-e7a9964d25c6,Roland de Lassus,-2.0,-2.0,-2.0,0.4590476155281067,0.5180952548980713,-0.03836215287446976,-0.004662687424570322,0.05129660665988922,0.02396547794342041,-0.08529201149940491,0.15839993953704834,0.05166138708591461,0.006910001393407583,-0.02451014518737793,-2.0,-2.0,-2.0
http://data.doremus.org/artist/00f6e16d-7cd8-3d52-ad65-5f5e85e42123,Frédéric Chopin,-0.0994754210114479,0.03474188968539238,0.06838232278823853,0.723809540271759,0.760952353477478,-0.004017802886664867,0.016289833933115005,0.08552871644496918,0.023866603150963783,-0.08495020121335983,0.15817293524742126,0.03327464312314987,0.026620132848620415,0.043581221252679825,-0.056756507605314255,0.00756837660446763,-0.027414554730057716
http://data.doremus.org/artist/03954109-0253-35d6-a70e-89ab27dea09c,Franz Schubert,-0.0994754210114479,0.03474188968539238,0.06838232278823853,0.7114285826683044,0.7409523725509644,0.0024569083470851183,0.02194344811141491,0.05312122404575348,0.02396547794342041,-0.08529201149940491,0.15839993953704834,0.047847092151641846,0.024260351434350014,0.01908544823527336,-0.08628140389919281,0.09654875844717026,-0.02178383432328701
http://data.doremus.org/artist/5b6b876b-09ba-3856-8dd6-4208c0591621,Domenico Scarlatti,-2.0,-2.0,-2.0,0.6047618985176086,0.6733333468437195,-0.007576408330351114,0.031062336638569832,-0.008722525089979172,0.02396547794342041,-0.08529201149940491,0.15839993953704834,0.04015323892235756,3.0196524676284753e-05,0.0019228140590712428,-0.07555286586284637,0.14613185822963715,-0.013753061182796955
http://data.doremus.org/artist/bcf39e82-e208-3049-b550-1feaae6071a6,Claude Debussy,-0.0327400304377079,0.005715671461075544,0.017785251140594482,0.7733333110809326,0.8266666531562805,-0.00028224504785612226,0.019483817741274834,0.06538897752761841,0.023969387635588646,-0.0839911475777626,0.15735499560832977,0.03480442613363266,0.04058784991502762,0.028351377695798874,-0.08438637107610703,0.09481218457221985,-0.016639597713947296
http://data.doremus.org/artist/f1f96c56-82c9-3169-a157-dad497493f51,Georg Philipp Telemann,-2.0,-2.0,-2.0,0.6009523868560791,0.6828571557998657,0.0037715628277510405,0.05114132910966873,0.022985275834798813,0.02396547794342041,-0.08529201149940491,0.15839993953704834,0.056567125022411346,-0.0018894332461059093,-0.02520172856748104,-0.07970764487981796,0.1811194121837616,0.0024809797760099173
http://data.doremus.org/artist/42746cc5-cb57-3b5c-aef3-4855bbadfbe5,Marc Antoine Charpentier,-2.0,-2.0,-2.0,0.5647618770599365,0.6228571534156799,0.009950323030352592,0.07102843374013901,-0.0033427251037210226,0.023828620091080666,-0.08522459119558334,0.15813663601875305,0.05446556955575943,0.012894799001514912,-0.03577027469873428,-0.13007374107837677,0.19028110802173615,-0.029599154368042946
http://data.doremus.org/artist/16c2e858-d298-3584-9c5f-49e02cebdc44,Henry Purcell,-2.0,-2.0,-2.0,0.5799999833106995,0.6142857074737549,-0.005962814204394817,0.05812110751867294,0.006808608770370483,0.02371697500348091,-0.0844329297542572,0.1578294038772583,0.05843190848827362,0.015240953303873539,-0.01215361524373293,-0.13612928986549377,0.15698805451393127,-0.06173402816057205
http://data.doremus.org/artist/6963af5e-b126-3d40-a84b-97e0b78f5452,Ludwig van Beethoven,-0.027973217889666557,0.0036423702258616686,0.014171173796057701,0.6857143044471741,0.7400000095367432,0.002824981464073062,0.026653015986084938,0.050114408135414124,0.023893168196082115,-0.08504203706979752,0.15823392570018768,0.05371815711259842,-0.0014110744232311845,0.01217744406312704,-0.11076057702302933,0.10793425142765045,-0.0340299978852272
http://data.doremus.org/artist/b0ae695c-4198-39f2-a615-9098899d59b3,Claudio Monteverdi,-2.0,-2.0,-2.0,0.49238094687461853,0.5647618770599365,-0.02347107045352459,0.03535814210772514,0.026098087430000305,0.023043792694807053,-0.08210572600364685,0.1562838852405548,0.04546763002872467,0.03723260760307312,-0.024070320650935173,-2.0,-2.0,-2.0
http://data.doremus.org/artist/d07ec69a-da7c-36ab-a098-44c0cdc9741d,Alessandro Scarlatti,-2.0,-2.0,-2.0,0.5809524059295654,0.6428571343421936,0.002785440068691969,0.056128110736608505,0.019721854478120804,0.023933064192533493,-0.085116446018219,0.1579248309135437,0.041132375597953796,0.002488485537469387,-0.039123158901929855,-0.12075783312320709,0.15196587145328522,-0.039098042994737625
http://data.doremus.org/artist/5500e650-4d41-31ab-b2ed-d93607613665,Carl Philipp Emanuel Bach,-2.0,-2.0,-2.0,0.6323809623718262,0.7028571367263794,0.015600101090967655,0.04441758617758751,0.022498643025755882,0.02396547794342041,-0.08529201149940491,0.15839993953704834,0.04653114452958107,-0.005431135650724173,0.009067208506166935,-0.10213127732276917,0.15964068472385406,-0.02021854929625988
http://data.doremus.org/artist/a4e8f64d-3411-3eb4-8e09-59e24bc26bf3,Camille Saint-Saëns,-2.0,-2.0,-2.0,0.7476190328598022,0.8295238018035889,0.016025947406888008,0.03155478835105896,0.04885957017540932,0.02407049760222435,-0.08514714986085892,0.15822018682956696,0.04877327382564545,0.008487430401146412,0.016605302691459656,-0.08996672183275223,0.10468114167451859,-0.015482653863728046
http://data.doremus.org/artist/72b3b303-5c15-319f-9c31-dc73b5b0fe74,Jean Sibelius,0.0006276638596318662,-0.008797436952590942,-0.007513287011533976,0.776190459728241,0.8638095259666443,0.000664641847833991,0.02203340083360672,0.06053172051906586,0.02396547794342041,-0.08529201149940491,0.15839993953704834,0.0471760593354702,0.00792011059820652,0.0214705690741539,-0.07764007896184921,0.12638908624649048,-0.015686798840761185
http://data.doremus.org/artist/157157ef-1cb3-3fc7-a4f7-2531989fc942,Richard Strauss,0.0006276638596318662,-0.008797436952590942,-0.007513287011533976,0.7752380967140198,0.8561905026435852,-0.0043361494317650795,0.025551021099090576,0.05061454325914383,0.02396547794342041,-0.08529201149940491,0.15839993953704834,0.04312412440776825,0.03781808912754059,0.02068016491830349,-0.12271051108837128,0.09142892807722092,-0.045779354870319366
http://data.doremus.org/artist/b703908f-b682-36e1-9499-28e9268bf533,Francis Poulenc,-0.0994754210114479,0.03474188968539238,0.06838232278823853,0.808571457862854,0.869523823261261,0.008036400191485882,0.016286194324493408,0.06556202471256256,0.023731881752610207,-0.08517692983150482,0.1579505056142807,0.047380343079566956,0.019591106101870537,0.014335548505187035,-0.13244187831878662,0.09831699728965759,-0.04130113869905472
http://data.doremus.org/artist/972ddf95-e843-3ea6-9b03-a160d22ae6c7,Jean-Philippe Rameau,-2.0,-2.0,-2.0,0.6028571724891663,0.6800000071525574,0.015410383231937885,0.06611718982458115,0.0009561453480273485,0.0237441323697567,-0.08444587886333466,0.15738113224506378,0.04050877317786217,0.024001367390155792,-0.005405757110565901,-0.07112088054418564,0.1878330409526825,0.0024533893447369337
http://data.doremus.org/artist/1b1205f9-b99a-3bb8-ba77-256689af2e00,Maurice Ravel,-0.0327400304377079,0.005715671461075544,0.017785251140594482,0.7857142686843872,0.8447619080543518,-0.0057836249470710754,0.026157237589359283,0.0564655140042305,0.026268022134900093,-0.08337732404470444,0.15394192934036255,0.03419287130236626,0.044312331825494766,0.027465226128697395,-0.04811549186706543,0.1837216019630432,0.048635900020599365
http://data.doremus.org/artist/c2e25a07-7a54-335a-9a9e-e20a47713a7d,Gabriel Fauré,-0.0994754210114479,0.03474188968539238,0.06838232278823853,0.7571428418159485,0.8323809504508972,0.005405284930020571,0.016626063734292984,0.0631609559059143,0.02396547794342041,-0.08529201149940491,0.15839993953704834,0.04252474009990692,0.01844651810824871,0.028575699776411057,-0.06289973109960556,0.0448075570166111,-0.017244115471839905
http://data.doremus.org/artist/c23f132e-5813-39f5-aeaa-106738ff9123,Benjamin Britten,0.0006276638596318662,-0.008797436952590942,-0.007513287011533976,0.8219047784805298,0.882539689540863,0.012378526851534843,0.02838457189500332,0.04938213899731636,0.02396547794342041,-0.08529201149940491,0.15839993953704834,0.04495590180158615,0.014765588566660881,0.003988239914178848,-0.0953165739774704,0.16673047840595245,0.053300641477108
http://data.doremus.org/artist/d2eb9650-f76c-38ac-8c8f-98c277f9d920,Charles Koechlin,-2.0,-2.0,-2.0,0.7780952453613281,0.8571428656578064,0.02970004826784134,0.027401963248848915,0.054422590881586075,0.02396547794342041,-0.08529201149940491,0.15839993953704834,0.0509466677904129,-0.0001877659378806129,0.01238161139190197,-0.06672262400388718,0.020690828561782837,0.0362219363451004
http://data.doremus.org/artist/ffb08009-c1b1-35b4-8729-1ecd03605049,Luigi Boccherini,-2.0,-2.0,-2.0,0.6600000262260437,0.7190476059913635,0.05977272242307663,0.0301742572337389,0.028108665719628334,0.02396547794342041,-0.08529201149940491,0.15839993953704834,0.042062241584062576,-0.017309941351413727,0.009511878713965416,-0.08827533572912216,0.12822386622428894,-0.02349848859012127
http://data.doremus.org/artist/269cec9d-5025-3a8a-b2ef-4f7acb088f2b,Johann Sebastian Bach,-2.0,-2.0,-2.0,0.6047618985176086,0.6666666865348816,-0.01349353976547718,0.06007976084947586,0.007034305017441511,0.02396547794342041,-0.08529201149940491,0.15839993953704834,0.05987704172730446,0.003302183235064149,-0.011247055605053902,-0.09660471975803375,0.1441192477941513,-0.022785190492868423
http://data.doremus.org/artist/a87b9935-6a9d-30a6-a4c0-81a31b6e4ccd,Domenico Cimarosa,-2.0,-2.0,-2.0,0.6657142639160156,0.715238094329834,0.009183860383927822,0.06466276943683624,-0.008702028542757034,0.02396547794342041,-0.08529201149940491,0.15839993953704834,0.05298939719796181,0.006060034967958927,-0.02564559131860733,-0.08363665640354156,0.15160727500915527,-0.01873116008937359
http://data.doremus.org/artist/a742accd-f881-3a98-b631-932924ad7c42,Béla Bartók,-0.04942387714982033,0.012972225435078144,0.030434519052505493,0.7914285659790039,0.8523809313774109,-0.030376795679330826,0.022838367149233818,0.06316215544939041,0.02396547794342041,-0.08529201149940491,0.15839993953704834,0.039459772408008575,0.01911611668765545,0.022842057049274445,0.08151461184024811,0.21063801646232605,0.08665186166763306
http://data.doremus.org/artist/ce41b86a-08bc-3ddf-8e82-b5ba0a723836,Paul Hindemith,0.0006276638596318662,-0.008797436952590942,-0.007513287011533976,0.8047618865966797,0.869523823261261,0.02660933881998062,0.02568207122385502,0.05256708338856697,0.02396547794342041,-0.08529201149940491,0.15839993953704834,0.046115048229694366,0.002756846370175481,0.007179535925388336,-0.11089970171451569,0.06959231942892075,-0.03770570829510689
http://data.doremus.org/artist/c02d29d9-0ab1-376e-a104-ae6184064092,Felix Mendelssohn Bartholdy,0.0006276638596318662,-0.008797436952590942,-0.007513287011533976,0.7228571176528931,0.7590476274490356,0.009512634016573429,0.024190619587898254,0.0507284514605999,0.023840049281716347,-0.08485840260982513,0.15811197459697723,0.056092943996191025,-0.003444481873884797,0.00888120662420988,-0.07864540070295334,0.10427799075841904,-0.03675546124577522
http://data.doremus.org/artist/9746c711-322d-34dc-9cc1-1cd19e7f39c0,Hugo Wolf,-2.0,-2.0,-2.0,0.7714285850524902,0.8123809695243835,-0.00034683215199038386,0.006852635182440281,0.0674363449215889,0.024114765226840973,-0.08508608490228653,0.15814441442489624,0.055248674005270004,0.023459628224372864,0.01981491781771183,-0.06960155069828033,0.11182612925767899,-0.03812171518802643
http://data.doremus.org/artist/473716cf-671b-3b7a-b6cc-d22325f1e835,François Couperin,-2.0,-2.0,-2.0,0.5885714292526245,0.6504762172698975,0.005338159389793873,0.06211283430457115,0.013259951025247574,0.02396547794342041,-0.08529201149940491,0.15839993953704834,0.039595454931259155,-0.002245084149762988,0.015583482570946217,-0.06898582726716995,0.17549440264701843,-0.015732675790786743
http://data.doremus.org/artist/182eb912-5a5b-3082-9008-9d46d47548ca,Edvard Grieg,-2.0,-2.0,-2.0,0.7552381157875061,0.8161904811859131,0.010404033586382866,0.01653897576034069,0.06937239319086075,0.023729879409074783,-0.08447754383087158,0.15785904228687286,0.04694905877113342,0.00443637277930975,0.021391913294792175,-0.1501985639333725,0.1278657466173172,-0.08101429045200348
http://data.doremus.org/artist/c536e11e-7871-3469-b913-1883b0b60e98,Erik Satie,-2.0,-2.0,-2.0,0.7771428823471069,0.738095223903656,0.002207040088251233,0.013485216535627842,0.0785025954246521,0.02396547794342041,-0.08529201149940491,0.15839993953704834,0.034967318177223206,0.024086231365799904,0.025695905089378357,-2.0,-2.0,-2.0
http://data.doremus.org/artist/69896139-4b18-30ff-bc65-7c14e18f1707,Hector Berlioz,0.0006276638596318662,-0.008797436952590942,-0.007513287011533976,0.7171428799629211,0.7799999713897705,-0.002481566509231925,0.04700253903865814,0.03352854773402214,0.02490428276360035,-0.08400588482618332,0.1550985425710678,0.04956451803445816,0.022830495610833168,0.00332279852591455,-0.006093584466725588,0.15356361865997314,0.058902010321617126
http://data.doremus.org/artist/34943da5-d068-3ada-bd4d-3db0c66c8a7d,Richard Wagner,-2.0,-2.0,-2.0,0.7266666889190674,0.7933333516120911,0.01847763918340206,0.04993559792637825,0.024754676967859268,0.015873273834586143,-0.0794190913438797,0.14156629145145416,0.03404652327299118,0.05120353028178215,0.01629600301384926,-0.013719223439693451,0.08723258972167969,0.024312172085046768
http://data.doremus.org/artist/ded35c7d-c496-3c17-8773-439fb62f60a8,Heitor Villa-Lobos,-2.0,-2.0,-2.0,0.7971428632736206,0.8657143115997314,0.03354267403483391,0.02107725664973259,0.061038773506879807,0.02396547794342041,-0.08529201149940491,0.15839993953704834,0.04404164105653763,-0.004258919507265091,0.0175554770976305,-0.0077434410341084,0.13802821934223175,0.10703693330287933
http://data.doremus.org/artist/bec89695-ab2f-3d39-be41-2c4a9c38941b,Luigi Cherubini,-2.0,-2.0,-2.0,0.6761904954910278,0.7542856931686401,0.013770001009106636,0.030875790864229202,0.03502852842211723,0.02396547794342041,-0.08529201149940491,0.15839993953704834,0.05886383354663849,0.008643233217298985,-0.0171754602342844,-0.12355554848909378,0.13038720190525055,-0.055779118090867996
http://data.doremus.org/artist/bcfefeca-ab42-3e86-9ffa-0b0176319b29,Darius Milhaud,-2.0,-2.0,-2.0,0.8019047379493713,0.8799999952316284,0.031954582780599594,0.031160127371549606,0.043507423251867294,0.02396547794342041,-0.08529201149940491,0.15839993953704834,0.042617954313755035,0.001975634368136525,0.0027056699618697166,-2.0,-2.0,-2.0
http://data.doremus.org/artist/a8009434-ef08-30f7-820a-134008b221f3,Karlheinz Stockhausen,-0.0327400304377079,0.005715671461075544,0.017785251140594482,0.8361904621124268,0.9114285707473755,0.03623057156801224,0.019348006695508957,0.07261040061712265,0.02396547794342041,-0.08529201149940491,0.15839993953704834,0.04500982165336609,0.005229716654866934,-0.001966987969353795,-2.0,-2.0,-2.0
http://data.doremus.org/artist/180755b4-2997-3fb4-8588-2ad68339ce6b,Charles Gounod,-2.0,-2.0,-2.0,0.7314285635948181,0.8028571605682373,0.016666151583194733,0.03311857953667641,0.042596809566020966,0.02396547794342041,-0.08529201149940491,0.15839993953704834,0.053159769624471664,0.011532367207109928,-0.0028421662282198668,-0.13145996630191803,0.1048305407166481,-0.03758396580815315
http://data.doremus.org/artist/b82c0771-5280-39af-ad2e-8ace2f4ebda3,Giuseppe Verdi,-2.0,-2.0,-2.0,0.7266666889190674,0.8104761838912964,0.01179831475019455,0.05391968786716461,0.02606068179011345,0.02396547794342041,-0.08529201149940491,0.15839993953704834,0.041060853749513626,0.04169250279664993,-0.0012965722708031535,-0.08847659081220627,0.2610778212547302,0.05685621500015259
http://data.doremus.org/artist/206a6cfe-2d82-341d-9dbf-01fb63dda672,Henri Sauguet,-2.0,-2.0,-2.0,0.8104761838912964,0.8942857384681702,0.03350156173110008,0.02431720867753029,0.05780531466007233,0.02396547794342041,-0.08529201149940491,0.15839993953704834,0.04752865061163902,0.0052151428535580635,0.002035723766312003,-0.019796006381511688,0.24384085834026337,0.13614976406097412
http://data.doremus.org/artist/90a1934c-84f6-3604-b95e-b311ad0e85c9,Jacques Offenbach,-2.0,-2.0,-2.0,0.7323809266090393,0.7904762029647827,0.01566975563764572,0.0589333139359951,0.02954331785440445,0.02396547794342041,-0.08529201149940491,0.15839993953704834,0.04109703004360199,0.017344482243061066,-0.02032901905477047,0.03548193722963333,0.20956474542617798,0.130857452750206
http://data.doremus.org/artist/73fb2260-be2c-3859-9752-c557f7457d8c,César Franck,0.0006276638596318662,-0.008797436952590942,-0.007513287011533976,0.7352380752563477,0.800000011920929,0.020809628069400787,0.029492277652025223,0.040900446474552155,0.02396547794342041,-0.08529201149940491,0.15839993953704834,0.05335810035467148,0.010052291676402092,0.007226401939988136,-0.042292945086956024,0.0688624307513237,-0.020166249945759773
http://data.doremus.org/artist/06362f05-8225-3431-ad18-32075bcf5d73,György Ligeti,0.0006276638596318662,-0.008797436952590942,-0.007513287011533976,0.831428587436676,0.9104762077331543,-0.010056394152343273,0.03417924419045448,0.05206282064318657,0.02396547794342041,-0.08529201149940491,0.15839993953704834,0.0446368083357811,0.008134455420076847,0.017173221334815025,-2.0,-2.0,-2.0
http://data.doremus.org/artist/bb190de9-54d7-3e08-8ec0-d02fc701573f,Jules Massenet,-2.0,-2.0,-2.0,0.7542856931686401,0.8209523558616638,0.01243800763040781,0.04128618910908699,0.044425804167985916,0.02396547794342041,-0.08529201149940491,0.15839993953704834,0.04614853486418724,0.021312540397047997,-0.0010005979565903544,-0.1471017748117447,-0.026434848085045815,-0.028360331431031227
http://data.doremus.org/artist/8ea5dbb9-03f1-3bf3-bada-90b85750d1f1,Bohuslav Martinů,-2.0,-2.0,-2.0,0.800000011920929,0.8657143115997314,0.03319331631064415,0.029419125989079475,0.0486554317176342,0.02396547794342041,-0.08529201149940491,0.15839993953704834,0.041355378925800323,9.255970508093014e-05,0.010297836735844612,-0.1416371911764145,0.14880390465259552,-0.07696068286895752
http://data.doremus.org/artist/0fcfbd78-4865-3594-b869-6525f54d855f,Johann Strauss,0.0006276638596318662,-0.008797436952590942,-0.007513287011533976,0.738095223903656,0.808571457862854,-8.579778295825236e-06,0.048818010836839676,0.014032821170985699,0.023923015221953392,-0.08506201952695847,0.15777753293514252,0.03601099178195,-0.019618112593889236,0.030218644067645073,-2.0,-2.0,-2.0
http://data.doremus.org/artist/2457502b-05a6-3302-b81e-752c92816032,Baldassare Galuppi,-2.0,-2.0,-2.0,0.6247618794441223,0.699999988079071,0.014469149522483349,0.06069855019450188,0.018125608563423157,0.023923015221953392,-0.08506201952695847,0.15777753293514252,0.03759331628680229,-0.0016043083742260933,-0.03190550580620766,-0.08389957249164581,0.1492655873298645,-0.017798827961087227
http://data.doremus.org/artist/0cae7124-354e-35d1-bba3-9e028559ba18,Wolfgang Rihm,-2.0,-2.0,-2.0,0.8590475916862488,-2.0,-0.022135213017463684,0.02529039792716503,0.054319895803928375,0.02396547794342041,-0.08529201149940491,0.15839993953704834,0.04350864514708519,0.012562151998281479,0.013838235288858414,-0.18291476368904114,0.10576893389225006,-0.15706771612167358
http://data.doremus.org/artist/29849554-2024-3b0d-8749-39555e68b2ac,Charles Ives,-2.0,-2.0,-2.0,0.784761905670166,0.8609523773193359,-0.004588073585182428,0.01332415733486414,0.06373128294944763,0.02396547794342041,-0.08529201149940491,0.15839993953704834,0.051084257662296295,0.0007685909513384104,0.014448507688939571,-0.20361971855163574,0.10571467876434326,-0.2085079401731491
http://data.doremus.org/artist/ec8b049f-0bf1-3b6f-867f-1a18b597e6f5,Niccolò Paganini,-2.0,-2.0,-2.0,0.6971428394317627,0.7523809671401978,0.049962516874074936,0.028734218329191208,0.04902452975511551,0.024778900668025017,-0.08629714697599411,0.1581118404865265,0.04170466959476471,-0.004573262296617031,0.0223119854927063,-0.015590731985867023,0.1453089714050293,0.030853820964694023
http://data.doremus.org/artist/77238184-8c60-3ba0-a4db-acf276df4293,Hanns Eisler,-2.0,-2.0,-2.0,0.807619035243988,0.868571400642395,0.010695727542042732,0.009141203947365284,0.06731168925762177,0.02396547794342041,-0.08529201149940491,0.15839993953704834,0.05576048791408539,0.012063455767929554,0.014446955174207687,-2.0,-2.0,-2.0
http://data.doremus.org/artist/587fe034-c58f-3def-934c-0e0ac572ae06,Edward Elgar,0.0006276638596318662,-0.008797436952590942,-0.007513287011533976,0.7685714364051819,0.8419047594070435,0.017783217132091522,0.03469811752438545,0.03704504296183586,0.02396547794342041,-0.08529201149940491,0.15839993953704834,0.04569210484623909,0.001800362835638225,0.01729760132730007,-0.09320316463708878,0.1996529996395111,0.017770584672689438
http://data.doremus.org/artist/327eae68-ae82-33d4-84fd-9564e64d2dc1,Pierre Boulez,0.0006276638596318662,-0.008797436952590942,-0.007513287011533976,0.8333333134651184,0.9200000166893005,-0.04142503812909126,0.017370697110891342,0.06340133398771286,0.015448314137756824,-0.09825947880744934,0.1410108506679535,0.03853091597557068,0.031534820795059204,0.015038231387734413,-2.0,-2.0,-2.0
http://data.doremus.org/artist/6a7ed0f4-153b-3795-a9f4-6d8c82040ad9,John Cage,0.0006276638596318662,-0.008797436952590942,-0.007513287011533976,0.8209523558616638,0.8971428275108337,0.025821950286626816,0.011607327498495579,0.08341348171234131,0.02363871969282627,-0.08352217823266983,0.15361051261425018,0.0430840328335762,0.009247640147805214,0.02510085515677929,-2.0,-2.0,-2.0
http://data.doremus.org/artist/59269974-54dd-3ec0-b4cc-21fdcd0491a7,Jordi Savall,-0.01204951573163271,-0.009681384079158306,-0.009035457856953144,0.8485714197158813,-2.0,-2.0,-2.0,-2.0,-0.022182244807481766,-0.09331014752388,0.09686346352100372,0.030024662613868713,0.07808981090784073,0.029695626348257065,-2.0,-2.0,-2.0
http://data.doremus.org/artist/f71cf790-a6a9-34cb-9f0e-1ddfb62f7fcd,Luciano Berio,0.0006276638596318662,-0.008797436952590942,-0.007513287011533976,0.8333333134651184,0.907619059085846,-0.02277403511106968,0.023205481469631195,0.05358400195837021,0.026196902617812157,-0.08428002893924713,0.1565261036157608,0.042823754251003265,0.017920276150107384,0.018689682707190514,0.011218155734241009,0.24241432547569275,0.16104841232299805
http://data.doremus.org/artist/68e29620-4479-3e32-8961-53e614654d02,Gaetano Donizetti,-2.0,-2.0,-2.0,0.7114285826683044,0.7599999904632568,0.019717851653695107,0.05862487852573395,0.028014924377202988,0.023514283820986748,-0.08506973087787628,0.15753187239170074,0.04003528878092766,0.023742850869894028,-0.011685030534863472,-0.11897411197423935,0.09552891552448273,-0.03620905801653862
http://data.doremus.org/artist/c6ea0a8d-4f7c-3228-8b57-b011a0d77fd3,Jean-Baptiste Lully,-2.0,-2.0,-2.0,0.5542857050895691,0.6066666841506958,0.0032136477530002594,0.06514430046081543,0.0070343464612960815,0.022761691361665726,-0.08096292614936829,0.15457899868488312,0.04070810228586197,0.027251586318016052,-0.013486199080944061,-0.06201477721333504,0.1600896418094635,-0.06729953736066818
http://data.doremus.org/artist/0967bc95-6977-3863-aca4-fc197b65d06c,Olivier Messiaen,-2.0,-2.0,-2.0,0.8171428442001343,0.8971428275108337,-0.00262233498506248,0.019198045134544373,0.06014289706945419,0.02396547794342041,-0.08529201149940491,0.15839993953704834,0.044619008898735046,0.032666947692632675,0.01835007593035698,-2.0,-2.0,-2.0
http://data.doremus.org/artist/15871fdd-5523-3f09-beb2-82cdd26c2766,Gustav Mahler,0.0006276638596318662,-0.008797436952590942,-0.007513287011533976,0.7714285850524902,0.8199999928474426,-0.032879915088415146,0.019478335976600647,0.053444623947143555,0.021970586851239204,-0.07839563488960266,0.1538199633359909,0.04371675103902817,0.03890717402100563,0.01893099769949913,0.009587680920958519,0.07689372450113297,-0.0357234813272953
http://data.doremus.org/artist/12fd9cba-c22f-3780-be11-a284a38ce631,André Campra,-2.0,-2.0,-2.0,0.5809524059295654,0.6609523892402649,0.015071668662130833,0.06769375503063202,0.00997293833643198,0.02349269576370716,-0.08505909144878387,0.1574903279542923,0.04440368711948395,0.023001112043857574,-0.0334964245557785,-0.09345661848783493,0.13587161898612976,-0.08831124007701874
http://data.doremus.org/artist/5b2ec204-a456-3aa2-8ac7-25305464add8,George Gershwin,-2.0,-2.0,-2.0,0.807619035243988,0.8447619080543518,-0.013368519023060799,0.023898180574178696,0.041096944361925125,0.023585589602589607,-0.08397872745990753,0.15752777457237244,0.03446410223841667,0.031076282262802124,0.01332220807671547,-0.16411645710468292,0.1216670572757721,-0.06745103001594543
http://data.doremus.org/artist/a957ded5-db42-3d58-9ed8-a6eda812de58,Max Reger,-2.0,-2.0,-2.0,0.7838095426559448,0.8247619271278381,0.03358824551105499,0.025550732389092445,0.041556134819984436,0.024692866951227188,-0.0861908346414566,0.1581423133611679,0.053651679307222366,-0.0016741232248023152,0.01916593313217163,-0.0770961195230484,0.15034589171409607,-0.024247922003269196
http://data.doremus.org/artist/8000025a-e885-3177-99b3-300707faaad7,Carl Maria von Weber,0.0006276638596318662,-0.008797436952590942,-0.007513287011533976,0.700952410697937,0.739047646522522,0.023320501670241356,0.027072690427303314,0.04804256558418274,0.02396547794342041,-0.08529201149940491,0.15839993953704834,0.049850329756736755,0.00855827797204256,0.0022393816616386175,-0.1522369682788849,0.07231327891349792,-0.07327976077795029
http://data.doremus.org/artist/1f1c9292-087a-3ac7-b854-84e213e69dc6,Igor Stravinsky,-2.0,-2.0,-2.0,0.7923809289932251,0.8771428465843201,0.03883560374379158,0.03367273882031441,0.04348364844918251,0.02423674426972866,-0.08429939299821854,0.15455199778079987,0.03713070601224899,0.04191972315311432,0.021931326016783714,0.0036709588021039963,0.15142841637134552,0.0645415335893631
http://data.doremus.org/artist/e432aa13-207f-34f8-9792-d1d15fcd4711,Georges Bizet,-2.0,-2.0,-2.0,0.7504761815071106,0.7857142686843872,0.012758946977555752,0.05753731727600098,0.051017217338085175,0.02387205883860588,-0.08478602021932602,0.15703065693378448,0.03806767240166664,0.03523686155676842,0.014070304110646248,-0.07689584046602249,0.220285102725029,0.094975546002388
http://data.doremus.org/artist/dfe92e96-f7ae-3669-9c6a-2f389275edc7,Leoš Janáček,-2.0,-2.0,-2.0,0.7657142877578735,0.8361904621124268,0.011474289931356907,0.038803212344646454,0.04252586513757706,0.02396547794342041,-0.08529201149940491,0.15839993953704834,0.043011002242565155,0.016653094440698624,0.00900979433208704,-0.009184307418763638,0.17527180910110474,-0.0627516657114029
http://data.doremus.org/artist/aa8eafd4-28a5-35c1-8c8b-2e0284f23eda,Arvo Pärt,-2.0,-2.0,-2.0,0.8428571224212646,-2.0,0.03238784521818161,0.037267670035362244,0.0371747724711895,0.02396547794342041,-0.08529201149940491,0.15839993953704834,0.04803689941763878,0.004216298460960388,0.0024292264133691788,-2.0,-2.0,-2.0
http://data.doremus.org/artist/40ebbc9d-1cd3-383f-9683-5201184fe040,Tōru Takemitsu,-2.0,-2.0,-2.0,0.8380952477455139,0.9009523987770081,0.023101171478629112,0.01530447043478489,0.059550315141677856,0.02396547794342041,-0.08529201149940491,0.15839993953704834,0.04726136475801468,-0.004058046266436577,0.009917788207530975,-2.0,-2.0,-2.0
http://data.doremus.org/artist/f482df1a-9990-3708-8950-674bad8c4289,Enrique Granados,-2.0,-2.0,-2.0,0.7780952453613281,0.8247619271278381,0.0308176651597023,0.017449084669351578,0.07963000982999802,0.02396547794342041,-0.08529201149940491,0.15839993953704834,0.043322719633579254,-0.005215653218328953,0.02744075283408165,-0.07274594902992249,0.11947562545537949,-0.04863925650715828
http://data.doremus.org/artist/e3f0fc72-7967-39a4-888b-823b46576174,Arthur Honegger,-2.0,-2.0,-2.0,0.8019047379493713,0.8619047403335571,0.0021619857288897038,0.027590112760663033,0.051759909838438034,0.02396547794342041,-0.08529201149940491,0.15839993953704834,0.046693120151758194,0.004166232887655497,0.006193575914949179,-0.0530528798699379,0.10223764181137085,-0.062338586896657944
http://data.doremus.org/artist/36b10122-ef50-3df3-8bfe-61bb79ddec4f,Astor Piazzolla,-2.0,-2.0,-2.0,0.8295238018035889,0.8971428275108337,0.013835088349878788,0.028932610526680946,0.07823866605758667,0.02396547794342041,-0.08529201149940491,0.15839993953704834,0.03115021623671055,0.003929005935788155,0.02492515556514263,-0.1128384917974472,0.24812042713165283,0.06145380809903145
http://data.doremus.org/artist/f73c40d6-8a92-30c4-a3c4-5e40d9bcd747,André Jolivet,0.0006276638596318662,-0.008797436952590942,-0.007513287011533976,0.8142856955528259,0.8799999952316284,0.019610384479165077,0.024268334731459618,0.06716988235712051,0.02396547794342041,-0.08529201149940491,0.15839993953704834,0.041808538138866425,-0.003201474202796817,0.016514286398887634,-2.0,-2.0,-2.0
http://data.doremus.org/artist/6338d86f-5872-3c9c-85e8-9d10b5907f5b,Anton Webern,0.0006276638596318662,-0.008797436952590942,-0.007513287011533976,0.7933333516120911,0.8523809313774109,-0.009770945645868778,0.02309231646358967,0.05701620131731033,0.025028444826602936,-0.084506556391716,0.1565377414226532,0.04551669582724571,0.023720979690551758,0.02194962650537491,-2.0,-2.0,-2.0
http://data.doremus.org/artist/df30cc35-ef79-3449-bbdb-da2e0cf1ef27,Anton Bruckner,0.0006276638596318662,-0.008797436952590942,-0.007513287011533976,0.7371428608894348,0.8057143092155457,0.004844112787395716,0.03276635333895683,0.030788322910666466,0.02396547794342041,-0.08529201149940491,0.15839993953704834,0.05119260028004646,0.013363773934543133,-0.0010494859889149666,-0.1471179574728012,0.03692837059497833,-0.13338585197925568
http://data.doremus.org/artist/b6f8be22-3ca3-3460-bffd-cb701edb66f6,Claude Arrieu,-2.0,-2.0,-2.0,0.8123809695243835,0.8952381014823914,0.007719416171312332,0.006889131851494312,0.07134566456079483,0.02396547794342041,-0.08529201149940491,0.15839993953704834,0.0470227375626564,-0.010094654746353626,0.006138762924820185,-0.03945884853601456,0.18206286430358887,0.0578003004193306
http://data.doremus.org/artist/9dbaadc5-e795-3306-982c-8b2bd5187340,Bedřich Smetana,0.0006276638596318662,-0.008797436952590942,-0.007513287011533976,0.7371428608894348,0.7942857146263123,0.026019778102636337,0.035485006868839264,0.05073978006839752,0.02396547794342041,-0.08529201149940491,0.15839993953704834,0.047111865133047104,0.0006066400092095137,0.028099505230784416,-0.10423530638217926,0.06626193970441818,-0.04145471379160881
http://data.doremus.org/artist/a00bad16-9c78-36de-b915-9bc6981ae409,Elliott Carter,-2.0,-2.0,-2.0,0.8171428442001343,0.916190505027771,-0.0326044000685215,0.02442002482712269,0.05636875331401825,0.02396547794342041,-0.08529201149940491,0.15839993953704834,0.03940258547663689,0.006797762122005224,0.015997128561139107,-2.0,-2.0,-2.0
http://data.doremus.org/artist/318977a7-3be0-3482-9dd2-1e3fc1f66069,Franco Donatoni,-2.0,-2.0,-2.0,0.8352380990982056,0.9047619104385376,0.0196844432502985,0.022066550329327583,0.06024698168039322,0.02396547794342041,-0.08529201149940491,0.15839993953704834,0.044745221734046936,-0.011064806021749973,0.015565333887934685,-2.0,-2.0,-2.0
http://data.doremus.org/artist/d3861976-652a-3b5f-bd24-940831e2d135,William Christie,-0.09748770296573639,0.03418717905879021,0.0720469206571579,0.8514285683631897,-2.0,-2.0,-2.0,-2.0,-0.0025336798280477524,-0.12741130590438843,0.1306152492761612,0.030876677483320236,0.05607954040169716,-0.0158563032746315,-2.0,-2.0,-2.0
http://data.doremus.org/artist/b39d9afb-ac44-34ae-a709-6f56bf8daa91,Iannis Xenakis,-2.0,-2.0,-2.0,0.8304761648178101,0.9057142734527588,0.012194670736789703,0.015360640361905098,0.06323489546775818,0.02396547794342041,-0.08529201149940491,0.15839993953704834,0.04441286250948906,0.011107925325632095,0.015254760161042213,-2.0,-2.0,-2.0
http://data.doremus.org/artist/ed7eb4d4-1e91-3a02-8e07-cbf857031127,Georg Friedrich Haendel,-2.0,-2.0,-2.0,0.6047618985176086,0.6752380728721619,0.011545045301318169,0.05940241366624832,0.011493743397295475,0.02393820695579052,-0.08514430373907089,0.15800021588802338,0.0511120930314064,0.011886540800333023,-0.029765505343675613,-0.1252264380455017,0.1480676829814911,-0.08326490968465805
http://data.doremus.org/artist/631549a0-18b1-3d51-95c9-f7df6301ee76,Pascal Dusapin,-2.0,-2.0,-2.0,0.8619047403335571,-2.0,-0.008793290704488754,0.023265304043889046,0.05534633249044418,0.023362968116998672,-0.08499518036842346,0.15724074840545654,0.04498786851763725,0.009588711895048618,0.006421908736228943,-2.0,-2.0,-2.0
http://data.doremus.org/artist/d32d46f5-2faf-3575-a06a-096b582a3ef1,Hans Werner Henze,-2.0,-2.0,-2.0,0.8342857360839844,0.916190505027771,0.040058642625808716,0.030706053599715233,0.04755127429962158,0.02396547794342041,-0.08529201149940491,0.15839993953704834,0.04418677091598511,0.001450326293706894,0.0015304774278774858,-2.0,-2.0,-2.0
http://data.doremus.org/artist/4f0d5849-995f-3b9a-99ca-d597d79ae095,Arnold Schoenberg,-2.0,-2.0,-2.0,0.784761905670166,0.8580952286720276,0.031135525554418564,0.024077923968434334,0.04555920884013176,0.02368292771279812,-0.084315225481987,0.15775124728679657,0.05021749809384346,0.023186245933175087,0.016965916380286217,-0.07953149080276489,0.1487220972776413,-0.03813568875193596
http://data.doremus.org/artist/8d84287a-4718-3624-954c-99121c478066,Bruno Mantovani,-2.0,-2.0,-2.0,0.8799999952316284,-2.0,0.028088124468922615,0.020247075706720352,0.056976329535245895,0.022243523970246315,-0.09156805276870728,0.15518322587013245,0.037581972777843475,0.01597025617957115,0.013142726384103298,-2.0,-2.0,-2.0
http://data.doremus.org/artist/4b43a26b-1a44-3d19-b257-758661f4859c,Antonín Dvořák,-2.0,-2.0,-2.0,0.753333330154419,0.8133333325386047,0.03352704644203186,0.037098877131938934,0.0356772281229496,0.02396547794342041,-0.08529201149940491,0.15839993953704834,0.04023154452443123,0.016006363555788994,0.021938107907772064,-0.06924401968717575,0.10005716979503632,-0.03172887861728668
http://data.doremus.org/artist/0b9d963c-bfd7-337d-b6c3-c874f5e62125,Piotr Ilitch Tchaïkovski,-2.0,-2.0,-2.0,0.7523809671401978,0.8028571605682373,0.020210711285471916,0.023326748982071877,0.056672681123018265,0.02377229928970337,-0.08462418615818024,0.15795642137527466,0.05119156837463379,-0.005946649704128504,0.018027743324637413,-0.0916261300444603,0.10643096268177032,0.010123523883521557
http://data.doremus.org/artist/b2360e86-1c01-322d-a9a0-ffff6dfff68d,Johann Christian Bach,-2.0,-2.0,-2.0,0.6523809432983398,0.6971428394317627,0.019044093787670135,0.04417812079191208,0.02538052573800087,0.02396547794342041,-0.08529201149940491,0.15839993953704834,0.04225056618452072,-0.005024646408855915,-0.008411599323153496,-0.10973966121673584,0.12704023718833923,-0.02551095001399517
http://data.doremus.org/artist/92da81d0-6e0c-3023-a0d7-5ccbbb30610d,Aaron Copland,-2.0,-2.0,-2.0,0.8095238208770752,0.8952381014823914,0.009165571071207523,0.025682607665657997,0.04974478855729103,0.02396547794342041,-0.08529201149940491,0.15839993953704834,0.046843208372592926,-0.0006776904920116067,0.01215392630547285,-2.0,-2.0,-2.0
http://data.doremus.org/artist/813555dd-fb0a-3463-ae1e-d4df43d0e183,Ferruccio Busoni,-2.0,-2.0,-2.0,0.7771428823471069,0.8323809504508972,0.032713763415813446,0.0298430435359478,0.06625323742628098,0.03295178338885307,-0.09234549850225449,0.15228337049484253,0.04189984127879143,0.008211040869355202,0.02417914569377899,-0.1411653608083725,0.12386345118284225,-0.0594157800078392
http://data.doremus.org/artist/71ec171d-965b-3967-b87b-262c514c01bd,Ralph Vaughan Williams,-2.0,-2.0,-2.0,0.7828571200370789,0.8647618889808655,0.02123824879527092,0.04599237069487572,0.024341557174921036,0.023269621655344963,-0.08494919538497925,0.1570611596107483,0.04829606041312218,-0.001725324196740985,-0.0006216595647856593,-0.1393257975578308,0.0913507491350174,-0.03365877643227577
http://data.doremus.org/artist/c816ecb6-501e-35a9-9655-549d991afbc0,Zoltán Kodály,-2.0,-2.0,-2.0,0.7923809289932251,0.8733333349227905,0.024653127416968346,0.04166463389992714,0.0359303243458271,0.02396547794342041,-0.08529201149940491,0.15839993953704834,0.049877263605594635,0.0029467111453413963,0.01524597778916359,-0.10366498678922653,0.21327278017997742,0.108330138027668
http://data.doremus.org/artist/6a99c949-7cf5-3290-829e-ff2d07b1cf65,Leonard Bernstein,-2.0,-2.0,-2.0,0.8266666531562805,0.8952381014823914,-0.001139591564424336,0.040804628282785416,0.04684421047568321,0.02396547794342041,-0.08529201149940491,0.15839993953704834,0.036422159522771835,0.03504039719700813,0.01346613373607397,-2.0,-2.0,-2.0
